{"schemaVersion":"1.0","appDefinitionTemplate":{"id":"/providers/Microsoft.PowerApps/apps/","type":"Microsoft.PowerApps/apps","tags":{"primaryDeviceWidth":"640","primaryDeviceHeight":"1136","supportsPortrait":"true","supportsLandscape":"true","primaryFormFactor":"Phone","showStatusBar":"false","publisherVersion":"3.23083.17","minimumRequiredApiVersion":"2.2.0","hasComponent":"false","hasUnlockedComponent":"false","isUnifiedRootApp":"false","sienaVersion":"20230911T152307Z-3.23083.17.0"},"properties":{"appVersion":"2023-09-15T16:49:11Z","lifeCycleId":"Published","createdByClientVersion":{"major":3,"minor":23083,"build":17,"revision":0,"majorRevision":0,"minorRevision":0},"minClientVersion":{"major":3,"minor":23083,"build":17,"revision":0,"majorRevision":0,"minorRevision":0},"backgroundColor":"RGBA(0,176,240,1)","backgroundImageUri":"/7496051118608226439/N05dfa7b9-d47c-4e3a-83fd-b049a969b4ad-Ne7b6a0eb-648d-49cf-bb34-a6396a19c439-logoSmallFile","displayName":"Louvre - Utilizador","description":"","commitMessage":"","appUris":{"documentUri":{"value":"/7496051118608226439/Nbbee6c6a-fefc-48e7-821f-a07ebec46cfa-N527bc29b-ba5b-4d55-9bca-c64d48bcb66c-document.msapp"},"imageUris":[],"additionalUris":[]},"createdTime":"0001-01-01T00:00:00Z","lastModifiedTime":"0001-01-01T00:00:00Z","sharedGroupsCount":0,"sharedUsersCount":0,"connectionReferences":{},"databaseReferences":{"default.cds":{"databaseDetails":{"referenceType":"NotSpecified","environmentName":"default.cds","overrideValues":{"status":"NotSpecified"}},"dataSources":{"Louvre":{"entitySetName":"crf29_novatabelas","logicalName":"crf29_novatabela"},"País":{"entitySetName":"crf29_countries","logicalName":"crf29_country"}},"actions":["providers/PowerPlatform.Governance/Operations/Read","providers/PowerPlatform.Governance/Operations/Write","providers/PowerPlatform.Governance/Operations/Delete"]}},"almMode":"Environment","performanceOptimizationEnabled":true,"canConsumeAppPass":true,"enableModernRuntimeMode":false,"executionRestrictions":{"isTeamsOnly":false,"dataLossPreventionEvaluationResult":{"status":"Compliant","lastEvaluationDate":"2023-09-11T15:23:09.8292602Z","violations":[],"violationsByPolicy":[],"violationErrorMessage":"A aplicação utiliza os seguintes conectores: shared_commondataservice."}}},"appType":"ClassicCanvasApp","appComponents":[]}}