{"schemaVersion":"1.0","appDefinitionTemplate":{"id":"/providers/Microsoft.PowerApps/apps/","type":"Microsoft.PowerApps/apps","tags":{"primaryDeviceWidth":"640","primaryDeviceHeight":"1136","supportsPortrait":"true","supportsLandscape":"true","primaryFormFactor":"Phone","showStatusBar":"false","publisherVersion":"3.23091.14","minimumRequiredApiVersion":"2.2.0","hasComponent":"false","hasUnlockedComponent":"false","isUnifiedRootApp":"false","sienaVersion":"20230914T114814Z-3.23091.14.0"},"properties":{"appVersion":"2023-09-14T11:48:14Z","lifeCycleId":"Published","createdByClientVersion":{"major":3,"minor":23091,"build":14,"revision":0,"majorRevision":0,"minorRevision":0},"minClientVersion":{"major":3,"minor":23091,"build":14,"revision":0,"majorRevision":0,"minorRevision":0},"backgroundColor":"RGBA(0,176,240,1)","backgroundImageUri":"/17494668929937643736/N2efecb36-264f-4091-9ba7-d025ee3d9953-logoSmallFile","displayName":"Aplicação","description":"","commitMessage":"","appUris":{"documentUri":{"value":"/17494668929937643736/N4d1b03d7-ef33-4a4c-863c-ea47006ace0a-document.msapp"},"imageUris":[],"additionalUris":[]},"createdTime":"0001-01-01T00:00:00Z","lastModifiedTime":"0001-01-01T00:00:00Z","sharedGroupsCount":0,"sharedUsersCount":0,"connectionReferences":{"eca3ffcd-33f9-49a9-8ace-0ff3ced0198d":{"id":"04dd97cc-22dd-4e10-8340-041f7ff1582c","displayName":"Excel","iconUri":"https://connectoricons-prod.azureedge.net/u/laborbol/partial-builds/ase-v3/1.0.1653.3402/excel/icon.png","dataSources":["Table1"],"dependencies":["5ff6861c-83dc-42d8-a797-c520816ea187"],"dependents":[],"parameterHints":{"5ff6861c-83dc-42d8-a797-c520816ea187":{"value":"fileSource"}},"parameterHintsV2":{"fileSource":{"value":"5ff6861c-83dc-42d8-a797-c520816ea187"}},"isOnPremiseConnection":false,"dataSets":{"b!wjYtHbecLECiqFHy0qei4GiDtQZvW1dLhRfWKPXfu55JS7tk8A5nQbvj4-PFvZDs.01VPJT5UIG5CTZD5I6ZBCYHJRMRJOJ2CZV":{"dataSources":{"Table1":{"tableName":"Table1"}}}},"apiTier":"Standard","isCustomApiConnection":false,"actions":["providers/PowerPlatform.Governance/Operations/Read","providers/PowerPlatform.Governance/Operations/Write","providers/PowerPlatform.Governance/Operations/Delete"]},"5ff6861c-83dc-42d8-a797-c520816ea187":{"id":"22f1d344-cc6c-401e-a56e-1146fcab7850","displayName":"OneDrive para Empresas","iconUri":"https://connectoricons-prod.azureedge.net/releases/v1.0.1647/1.0.1647.3361/onedriveforbusiness/icon.png","dataSources":[],"dependencies":[],"dependents":["eca3ffcd-33f9-49a9-8ace-0ff3ced0198d"],"parameterHints":{},"parameterHintsV2":{},"isOnPremiseConnection":false,"dataSets":{},"apiTier":"Standard","isCustomApiConnection":false}},"databaseReferences":{},"almMode":"Environment","performanceOptimizationEnabled":true,"canConsumeAppPass":true,"enableModernRuntimeMode":false,"executionRestrictions":{"isTeamsOnly":false,"dataLossPreventionEvaluationResult":{"status":"Compliant","lastEvaluationDate":"2023-09-14T11:48:18.1178942Z","violations":[],"violationsByPolicy":[],"violationErrorMessage":"A aplicação utiliza os seguintes conectores: shared_excel, shared_onedriveforbusiness."}}},"appType":"ClassicCanvasApp","appComponents":[]}}