{"schemaVersion":"1.0","appDefinitionTemplate":{"id":"/providers/Microsoft.PowerApps/apps/","type":"Microsoft.PowerApps/apps","tags":{"primaryDeviceWidth":"640","primaryDeviceHeight":"1136","supportsPortrait":"true","supportsLandscape":"false","primaryFormFactor":"Phone","showStatusBar":"false","publisherVersion":"3.23075.14","minimumRequiredApiVersion":"2.2.0","hasComponent":"false","hasUnlockedComponent":"false","isUnifiedRootApp":"false","sienaVersion":"20230810T084822Z-3.23075.14.0"},"properties":{"appVersion":"2023-08-10T08:48:22Z","lifeCycleId":"Published","createdByClientVersion":{"major":3,"minor":23075,"build":14,"revision":0,"majorRevision":0,"minorRevision":0},"minClientVersion":{"major":3,"minor":23075,"build":14,"revision":0,"majorRevision":0,"minorRevision":0},"backgroundColor":"rgba(0, 176, 240, 1)","backgroundImageUri":"/14871216689510875142/N56612008-d2bf-47ff-9fbf-7c3663eacf8e-logoSmallFile","displayName":"Séries a Ver","description":"","commitMessage":"","appUris":{"documentUri":{"value":"/14871216689510875142/Nd6674d35-f60c-4770-abb2-bc6cb84275c0-document.msapp"},"imageUris":[],"additionalUris":[]},"createdTime":"0001-01-01T00:00:00Z","lastModifiedTime":"0001-01-01T00:00:00Z","sharedGroupsCount":0,"sharedUsersCount":0,"connectionReferences":{"68eb578e-ef00-4ede-b5d5-edf1da126ee4":{"id":"28afb5ec-618c-4bc6-94e4-4471456667ff","displayName":"Excel","iconUri":"https://connectoricons-prod.azureedge.net/releases/v1.0.1646/1.0.1646.3354/excel/icon.png","dataSources":["BoxSets"],"dependencies":["438358e9-72dd-4761-904b-81b273284fd5"],"dependents":[],"parameterHints":{"438358e9-72dd-4761-904b-81b273284fd5":{"value":"fileSource"}},"parameterHintsV2":{"fileSource":{"value":"438358e9-72dd-4761-904b-81b273284fd5"}},"isOnPremiseConnection":false,"dataSets":{"b!wjYtHbecLECiqFHy0qei4GiDtQZvW1dLhRfWKPXfu55JS7tk8A5nQbvj4-PFvZDs.01VPJT5UKILSXR25DPDNF3ZQV26E2YEGRG":{"dataSources":{"BoxSets":{"tableName":"BoxSets"}}}},"apiTier":"Standard","isCustomApiConnection":false,"actions":["providers/PowerPlatform.Governance/Operations/Read","providers/PowerPlatform.Governance/Operations/Write","providers/PowerPlatform.Governance/Operations/Delete"]},"438358e9-72dd-4761-904b-81b273284fd5":{"id":"bc51f0a8-7db9-430a-9450-e49607297f7c","displayName":"OneDrive para Empresas","iconUri":"https://connectoricons-prod.azureedge.net/releases/v1.0.1647/1.0.1647.3361/onedriveforbusiness/icon.png","dataSources":[],"dependencies":[],"dependents":["68eb578e-ef00-4ede-b5d5-edf1da126ee4"],"parameterHints":{},"parameterHintsV2":{},"isOnPremiseConnection":false,"dataSets":{},"apiTier":"Standard","isCustomApiConnection":false}},"databaseReferences":{},"almMode":"Environment","performanceOptimizationEnabled":true,"canConsumeAppPass":true,"enableModernRuntimeMode":false,"executionRestrictions":{"isTeamsOnly":false,"dataLossPreventionEvaluationResult":{"status":"Compliant","lastEvaluationDate":"2023-08-10T08:48:24.8154216Z","violations":[],"violationsByPolicy":[],"violationErrorMessage":"A aplicação utiliza os seguintes conectores: shared_excel, shared_onedriveforbusiness."}}},"appType":"ClassicCanvasApp","appComponents":[]}}