{"schemaVersion":"1.0","appDefinitionTemplate":{"id":"/providers/Microsoft.PowerApps/apps/","type":"Microsoft.PowerApps/apps","tags":{"primaryDeviceWidth":"640","primaryDeviceHeight":"1136","supportsPortrait":"true","supportsLandscape":"true","primaryFormFactor":"Phone","showStatusBar":"false","publisherVersion":"3.23074.15","minimumRequiredApiVersion":"2.2.0","hasComponent":"false","hasUnlockedComponent":"false","isUnifiedRootApp":"false","sienaVersion":"20230807T215412Z-3.23074.15.0"},"properties":{"appVersion":"2023-08-07T21:54:12Z","lifeCycleId":"Published","createdByClientVersion":{"major":3,"minor":23074,"build":15,"revision":0,"majorRevision":0,"minorRevision":0},"minClientVersion":{"major":3,"minor":23074,"build":15,"revision":0,"majorRevision":0,"minorRevision":0},"backgroundColor":"RGBA(0,176,240,1)","backgroundImageUri":"/2127208923615819357/Nd22b1a26-0b86-45d0-8ac2-5d0d4e3fdb8a-logoSmallFile","displayName":"Registo de OS","description":"","commitMessage":"","appUris":{"documentUri":{"value":"/2127208923615819357/N6a0fb2b1-314d-4786-a9a3-6abddb5fbcb3-document.msapp"},"imageUris":[],"additionalUris":[]},"createdTime":"0001-01-01T00:00:00Z","lastModifiedTime":"0001-01-01T00:00:00Z","sharedGroupsCount":0,"sharedUsersCount":0,"connectionReferences":{"c51199bb-7e2c-48e4-a3f8-bd07ce48db48":{"id":"28afb5ec-618c-4bc6-94e4-4471456667ff","displayName":"Excel","iconUri":"https://connectoricons-prod.azureedge.net/releases/v1.0.1646/1.0.1646.3354/excel/icon.png","dataSources":["TabelaCidades","Table1"],"dependencies":["d003784d-7494-40ac-9c44-6dcc9e98f3b1"],"dependents":[],"parameterHints":{"d003784d-7494-40ac-9c44-6dcc9e98f3b1":{"value":"fileSource"}},"parameterHintsV2":{"fileSource":{"value":"d003784d-7494-40ac-9c44-6dcc9e98f3b1"}},"isOnPremiseConnection":false,"dataSets":{"b!wjYtHbecLECiqFHy0qei4GiDtQZvW1dLhRfWKPXfu55JS7tk8A5nQbvj4-PFvZDs.01VPJT5UP3O2BRS2Q5FVE24PIEERCZ3YPP":{"dataSources":{"TabelaCidades":{"tableName":"TabelaCidades"},"Table1":{"tableName":"Table1"}}}},"apiTier":"Standard","isCustomApiConnection":false,"actions":["providers/PowerPlatform.Governance/Operations/Read"]},"d003784d-7494-40ac-9c44-6dcc9e98f3b1":{"id":"bc51f0a8-7db9-430a-9450-e49607297f7c","displayName":"OneDrive para Empresas","iconUri":"https://connectoricons-prod.azureedge.net/releases/v1.0.1647/1.0.1647.3361/onedriveforbusiness/icon.png","dataSources":[],"dependencies":[],"dependents":["c51199bb-7e2c-48e4-a3f8-bd07ce48db48"],"parameterHints":{},"parameterHintsV2":{},"isOnPremiseConnection":false,"dataSets":{},"apiTier":"Standard","isCustomApiConnection":false}},"databaseReferences":{},"almMode":"Environment","performanceOptimizationEnabled":true,"canConsumeAppPass":true,"enableModernRuntimeMode":false,"executionRestrictions":{"isTeamsOnly":false,"dataLossPreventionEvaluationResult":{"status":"Compliant","lastEvaluationDate":"2023-08-07T21:54:14.714001Z","violations":[],"violationsByPolicy":[],"violationErrorMessage":"A aplicação utiliza os seguintes conectores: shared_excel, shared_onedriveforbusiness."}}},"appType":"ClassicCanvasApp","appComponents":[]}}